EmployeeID,Department,JobRole,Age,Gender,TenureYears,PerformanceScore,ActiveStatus
EMP-10000,Customer Success,Implementation Consultant,38,Male,1.9,4,1
EMP-10001,Sales,Account Executive,58,Male,2.3,4,1
EMP-10002,Finance,Controller,31,Female,2.2,3,1
EMP-10003,Customer Success,Support Specialist,44,Male,2.4,3,1
EMP-10004,Customer Success,Support Specialist,45,Male,4.0,3,1
EMP-10005,HR,People Operations Analyst,49,Female,6.8,2,1
EMP-10006,Sales,Sales Manager,30,Male,2.2,1,1
EMP-10007,Finance,FP&A Manager,35,Female,5.2,4,1
EMP-10008,Engineering,QA Analyst,48,Female,4.9,3,1
EMP-10009,Operations,Supply Chain Manager,45,Female,2.6,3,1
EMP-10010,Engineering,Data Engineer,30,Female,0.7,4,1
EMP-10011,Engineering,Engineering Manager,34,Male,2.0,3,1
EMP-10012,Customer Success,Implementation Consultant,33,Female,6.2,2,1
EMP-10013,Finance,FP&A Manager,45,Female,1.1,4,0
EMP-10014,Engineering,QA Analyst,57,Female,0.9,3,1
EMP-10015,Engineering,Software Engineer,46,Male,0.9,2,1
EMP-10016,Finance,Controller,45,Male,2.4,3,1
EMP-10017,Engineering,Data Engineer,23,Male,1.4,4,1
EMP-10018,Customer Success,Implementation Consultant,55,Female,2.5,3,1
EMP-10019,Operations,Operations Analyst,45,Male,7.5,3,1
EMP-10020,Marketing,Campaign Manager,49,Female,2.1,3,0
EMP-10021,Operations,Operations Analyst,54,Female,2.8,2,1
EMP-10022,Sales,Sales Operations Analyst,38,Female,3.4,4,1
EMP-10023,Sales,Sales Operations Analyst,41,Female,1.8,3,1
EMP-10024,Finance,Controller,53,Male,10.1,4,1
EMP-10025,Customer Success,Support Specialist,22,Female,3.9,3,1
EMP-10026,Engineering,Engineering Manager,49,Female,2.1,2,1
EMP-10027,Customer Success,Implementation Consultant,44,Male,5.7,2,1
EMP-10028,Engineering,QA Analyst,39,Female,11.2,4,1
EMP-10029,Finance,Financial Analyst,28,Female,1.7,2,1
EMP-10030,Operations,Process Lead,47,Female,6.3,4,1
EMP-10031,Operations,Operations Analyst,53,Male,5.5,4,1
EMP-10032,Finance,Financial Analyst,40,Male,4.7,4,1
EMP-10033,Engineering,QA Analyst,24,Male,0.6,2,0
EMP-10034,Customer Success,Implementation Consultant,44,Male,3.9,3,0
EMP-10035,Marketing,Marketing Analyst,52,Male,3.6,2,1
EMP-10036,Finance,Financial Analyst,29,Male,2.2,3,1
EMP-10037,Operations,Supply Chain Manager,56,Female,3.3,3,1
EMP-10038,Engineering,Engineering Manager,44,Nonbinary,6.8,1,0
EMP-10039,Customer Success,Support Specialist,25,Male,3.5,4,1
EMP-10040,Operations,Operations Analyst,40,Female,9.1,3,1
EMP-10041,Engineering,QA Analyst,32,Female,7.8,3,0
EMP-10042,Operations,Supply Chain Manager,59,Male,6.4,2,1
EMP-10043,HR,Recruiter,38,Female,4.0,4,1
EMP-10044,Engineering,QA Analyst,59,Male,3.9,3,1
EMP-10045,Finance,Financial Analyst,23,Female,8.6,4,1
EMP-10046,Engineering,Software Engineer,48,Female,7.6,4,1
EMP-10047,Customer Success,CS Manager,49,Female,4.0,3,1
EMP-10048,Operations,Supply Chain Manager,51,Female,1.0,2,1
EMP-10049,Finance,Financial Analyst,39,Female,2.4,3,1
EMP-10050,Marketing,Marketing Analyst,31,Male,6.9,4,1
EMP-10051,Customer Success,Support Specialist,40,Male,1.5,2,1
EMP-10052,Marketing,Marketing Analyst,40,Female,1.9,2,1
EMP-10053,Engineering,QA Analyst,35,Female,0.8,1,1
EMP-10054,Engineering,Data Engineer,23,Female,3.3,1,1
EMP-10055,HR,People Operations Analyst,37,Female,7.5,2,1
EMP-10056,Operations,Operations Analyst,28,Male,4.9,3,1
EMP-10057,Operations,Supply Chain Manager,57,Male,3.6,1,0
EMP-10058,Marketing,Marketing Analyst,29,Female,3.0,2,1
EMP-10059,Finance,Financial Analyst,35,Female,1.8,1,1
EMP-10060,Sales,Sales Manager,50,Male,5.3,3,1
EMP-10061,Engineering,QA Analyst,25,Female,4.3,3,0
EMP-10062,Finance,Financial Analyst,57,Male,2.0,2,1
EMP-10063,HR,Recruiter,37,Male,5.0,3,0
EMP-10064,Marketing,Campaign Manager,37,Male,2.2,4,1
EMP-10065,Finance,Controller,39,Male,3.1,3,1
EMP-10066,Customer Success,Support Specialist,36,Female,2.7,3,1
EMP-10067,Operations,Process Lead,30,Male,0.8,2,0
EMP-10068,HR,HR Business Partner,31,Female,2.7,3,1
EMP-10069,Customer Success,CS Manager,47,Female,2.4,3,1
EMP-10070,Engineering,Engineering Manager,48,Male,0.5,2,1
EMP-10071,Engineering,QA Analyst,44,Female,2.6,3,1
EMP-10072,Engineering,QA Analyst,52,Female,3.2,2,1
EMP-10073,Engineering,QA Analyst,41,Female,2.7,2,0
EMP-10074,Customer Success,CS Manager,29,Male,3.6,3,1
EMP-10075,Marketing,Marketing Analyst,41,Male,4.0,4,1
EMP-10076,Finance,Controller,25,Male,4.7,4,1
EMP-10077,Operations,Operations Analyst,42,Female,8.0,3,1
EMP-10078,Customer Success,CS Manager,57,Male,0.2,4,1
EMP-10079,Marketing,Content Strategist,31,Male,1.3,3,1
EMP-10080,Operations,Process Lead,48,Female,3.1,3,1
EMP-10081,Engineering,Engineering Manager,44,Female,5.7,4,1
EMP-10082,Operations,Process Lead,26,Female,0.8,3,1
EMP-10083,Engineering,QA Analyst,43,Male,2.1,3,0
EMP-10084,Engineering,Software Engineer,56,Female,9.0,3,0
EMP-10085,Customer Success,CS Manager,54,Male,7.6,3,1
EMP-10086,Engineering,Data Engineer,24,Male,1.4,1,0
EMP-10087,Engineering,Data Engineer,44,Male,5.9,1,1
EMP-10088,Finance,Controller,24,Male,3.8,3,1
EMP-10089,Finance,FP&A Manager,31,Male,5.9,2,1
EMP-10090,Sales,Sales Manager,32,Male,4.7,3,1
EMP-10091,Customer Success,Support Specialist,54,Male,5.0,3,1
EMP-10092,Customer Success,Support Specialist,51,Male,1.9,2,1
EMP-10093,Engineering,Engineering Manager,59,Male,1.3,4,0
EMP-10094,Customer Success,Support Specialist,44,Female,2.4,3,1
EMP-10095,Marketing,Content Strategist,56,Female,2.3,2,1
EMP-10096,Operations,Supply Chain Manager,52,Female,1.4,2,1
EMP-10097,Engineering,Engineering Manager,34,Female,3.9,4,1
EMP-10098,Finance,FP&A Manager,34,Female,0.7,3,1
EMP-10099,Finance,Financial Analyst,44,Female,3.9,2,1
EMP-10100,Sales,Sales Operations Analyst,58,Male,3.7,2,0
EMP-10101,Engineering,Data Engineer,55,Male,2.0,3,1
EMP-10102,Sales,Sales Operations Analyst,24,Female,1.7,4,1
EMP-10103,HR,HR Business Partner,35,Female,4.2,2,1
EMP-10104,Engineering,Engineering Manager,52,Female,0.5,3,1
EMP-10105,Sales,Sales Manager,37,Female,1.6,3,1
EMP-10106,Sales,Account Executive,40,Male,3.9,2,1
EMP-10107,Sales,Sales Operations Analyst,42,Male,6.6,4,1
EMP-10108,Operations,Process Lead,42,Female,0.7,1,1
EMP-10109,Finance,FP&A Manager,55,Male,4.0,2,1
EMP-10110,Operations,Operations Analyst,34,Female,1.8,3,1
EMP-10111,Engineering,Data Engineer,25,Female,0.8,3,0
EMP-10112,Customer Success,Support Specialist,50,Male,1.1,3,1
EMP-10113,Customer Success,Implementation Consultant,26,Female,8.8,1,0
EMP-10114,Engineering,Engineering Manager,39,Female,4.1,2,1
EMP-10115,Customer Success,CS Manager,22,Male,2.9,3,0
EMP-10116,Operations,Process Lead,35,Male,3.2,4,1
EMP-10117,Sales,Account Executive,54,Male,4.1,1,1
EMP-10118,Finance,Financial Analyst,24,Male,2.6,3,1
EMP-10119,Finance,FP&A Manager,45,Male,1.5,2,0
EMP-10120,Sales,Sales Manager,41,Female,3.0,2,1
EMP-10121,Marketing,Campaign Manager,48,Female,2.4,3,1
EMP-10122,Finance,Financial Analyst,41,Female,3.7,2,1
EMP-10123,Engineering,Data Engineer,42,Female,8.5,3,0
EMP-10124,Marketing,Campaign Manager,47,Female,4.0,3,1
EMP-10125,Sales,Sales Manager,46,Male,1.0,1,1
EMP-10126,Customer Success,Implementation Consultant,28,Female,6.8,2,1
EMP-10127,Engineering,Software Engineer,50,Female,3.3,3,0
EMP-10128,Engineering,Engineering Manager,38,Male,5.4,3,0
EMP-10129,HR,People Operations Analyst,43,Male,2.3,4,0
EMP-10130,Customer Success,CS Manager,30,Female,7.9,4,1
EMP-10131,Engineering,QA Analyst,35,Female,1.9,3,1
EMP-10132,Engineering,Data Engineer,38,Male,5.4,3,1
EMP-10133,HR,Recruiter,45,Male,5.2,2,1
EMP-10134,Finance,Financial Analyst,44,Male,4.1,3,1
EMP-10135,Marketing,Marketing Analyst,26,Female,7.5,3,1
EMP-10136,Sales,Sales Manager,57,Male,2.6,4,1
EMP-10137,Finance,Controller,39,Male,3.5,2,1
EMP-10138,Engineering,Data Engineer,47,Female,1.2,3,1
EMP-10139,Marketing,Content Strategist,34,Female,6.7,2,1
EMP-10140,Engineering,Engineering Manager,46,Male,2.5,3,0
EMP-10141,Customer Success,CS Manager,35,Female,0.7,3,1
EMP-10142,Customer Success,CS Manager,23,Male,1.8,1,1
EMP-10143,Customer Success,Implementation Consultant,40,Female,11.5,3,1
EMP-10144,Sales,Sales Manager,40,Female,4.4,4,1
EMP-10145,Finance,Controller,34,Female,2.7,3,1
EMP-10146,HR,Recruiter,24,Male,5.3,4,1
EMP-10147,Engineering,Engineering Manager,41,Male,7.1,3,1
EMP-10148,Customer Success,CS Manager,44,Male,4.4,3,1
EMP-10149,Customer Success,CS Manager,51,Female,4.5,4,1
EMP-10150,Marketing,Marketing Analyst,29,Female,7.2,3,1
EMP-10151,Marketing,Marketing Analyst,35,Female,2.5,3,1
EMP-10152,Sales,Sales Operations Analyst,59,Female,1.8,2,1
EMP-10153,Sales,Sales Manager,49,Male,4.3,2,1
EMP-10154,Engineering,Data Engineer,31,Male,1.8,4,1
EMP-10155,Customer Success,Implementation Consultant,27,Male,1.8,3,0
EMP-10156,HR,HR Business Partner,31,Male,2.6,4,1
EMP-10157,Engineering,Engineering Manager,38,Male,7.3,4,1
EMP-10158,Finance,Controller,46,Female,1.3,4,1
EMP-10159,Finance,Financial Analyst,58,Female,0.6,3,1
EMP-10160,Customer Success,Support Specialist,45,Female,4.0,4,1
EMP-10161,Engineering,Data Engineer,44,Nonbinary,7.4,4,1
EMP-10162,Sales,Account Executive,57,Nonbinary,2.6,4,1
EMP-10163,Sales,Sales Operations Analyst,23,Male,3.3,4,1
EMP-10164,Engineering,Data Engineer,25,Male,4.0,4,1
EMP-10165,Operations,Supply Chain Manager,33,Female,2.6,3,1
EMP-10166,Marketing,Content Strategist,48,Female,4.9,2,1
EMP-10167,HR,HR Business Partner,25,Female,1.0,4,1
EMP-10168,Finance,FP&A Manager,45,Male,4.3,4,1
EMP-10169,Engineering,Engineering Manager,26,Male,0.5,3,1
EMP-10170,HR,HR Business Partner,51,Male,2.6,2,1
EMP-10171,Engineering,Software Engineer,34,Male,5.1,3,0
EMP-10172,HR,People Operations Analyst,40,Male,3.0,2,1
EMP-10173,Sales,Sales Manager,49,Male,3.4,4,1
EMP-10174,HR,HR Business Partner,32,Female,8.2,2,1
EMP-10175,Operations,Process Lead,26,Female,4.7,2,0
EMP-10176,Marketing,Marketing Analyst,50,Female,8.9,4,1
EMP-10177,Marketing,Content Strategist,25,Male,0.5,1,0
EMP-10178,Finance,Financial Analyst,34,Female,4.1,4,1
EMP-10179,Sales,Account Executive,24,Female,2.3,2,1
EMP-10180,Engineering,Engineering Manager,50,Male,2.6,4,1
EMP-10181,Engineering,QA Analyst,31,Female,3.6,1,1
EMP-10182,Engineering,Software Engineer,47,Male,3.7,3,0
EMP-10183,Engineering,Engineering Manager,29,Male,5.5,2,1
EMP-10184,Marketing,Campaign Manager,43,Male,3.2,2,1
EMP-10185,Engineering,Software Engineer,39,Female,2.2,3,1
EMP-10186,Sales,Account Executive,43,Male,2.7,3,1
EMP-10187,Engineering,QA Analyst,27,Male,3.7,4,0
EMP-10188,Marketing,Content Strategist,25,Female,0.9,3,0
EMP-10189,Customer Success,CS Manager,33,Female,2.6,3,1
EMP-10190,Operations,Process Lead,56,Male,10.8,3,0
EMP-10191,HR,Recruiter,27,Male,1.9,4,1
EMP-10192,Engineering,Data Engineer,55,Male,2.0,3,1
EMP-10193,Engineering,QA Analyst,34,Male,3.0,4,1
EMP-10194,Operations,Supply Chain Manager,24,Male,3.7,2,1
EMP-10195,Engineering,Engineering Manager,33,Male,1.2,2,1
EMP-10196,Operations,Process Lead,56,Male,5.8,2,1
EMP-10197,Customer Success,Implementation Consultant,53,Male,0.9,4,1
EMP-10198,Marketing,Campaign Manager,50,Male,1.3,2,1
EMP-10199,Customer Success,Support Specialist,30,Male,4.4,3,1
EMP-10200,HR,People Operations Analyst,34,Female,3.2,3,1
EMP-10201,Engineering,Data Engineer,38,Female,0.3,4,0
EMP-10202,Operations,Operations Analyst,42,Male,6.0,4,1
EMP-10203,Operations,Operations Analyst,50,Male,1.2,2,1
EMP-10204,HR,People Operations Analyst,26,Female,2.2,2,1
EMP-10205,Engineering,Engineering Manager,27,Male,5.9,2,1
EMP-10206,Engineering,Engineering Manager,36,Female,2.7,1,1
EMP-10207,Sales,Sales Operations Analyst,43,Female,1.2,3,1
EMP-10208,Sales,Sales Operations Analyst,26,Female,3.0,3,1
EMP-10209,Finance,Controller,56,Female,4.2,3,1
EMP-10210,Engineering,Data Engineer,23,Female,10.7,3,1
EMP-10211,Marketing,Campaign Manager,49,Male,13.9,3,1
EMP-10212,Engineering,Software Engineer,39,Male,2.1,2,1
EMP-10213,Engineering,Software Engineer,60,Male,0.5,1,1
EMP-10214,Engineering,Engineering Manager,57,Male,3.8,4,0
EMP-10215,Finance,FP&A Manager,46,Female,5.0,3,1
EMP-10216,Engineering,Software Engineer,49,Female,3.3,3,1
EMP-10217,Customer Success,Support Specialist,42,Female,4.5,2,1
EMP-10218,Engineering,QA Analyst,47,Nonbinary,13.8,4,1
EMP-10219,Engineering,Engineering Manager,28,Male,0.6,3,1
EMP-10220,HR,Recruiter,29,Male,1.2,2,0
EMP-10221,Engineering,Data Engineer,40,Female,1.1,2,1
EMP-10222,Operations,Supply Chain Manager,47,Female,1.6,3,1
EMP-10223,Engineering,Data Engineer,49,Female,3.4,4,1
EMP-10224,Finance,FP&A Manager,22,Female,6.7,3,1
EMP-10225,Finance,Controller,52,Male,2.2,3,1
EMP-10226,Sales,Sales Manager,46,Male,2.9,3,1
EMP-10227,Engineering,Data Engineer,45,Male,2.7,4,1
EMP-10228,Engineering,Engineering Manager,29,Female,1.5,3,1
EMP-10229,Engineering,Data Engineer,29,Female,10.2,2,1
EMP-10230,Operations,Supply Chain Manager,58,Male,4.3,4,1
EMP-10231,Sales,Account Executive,55,Male,5.3,3,1
EMP-10232,Operations,Supply Chain Manager,22,Male,3.9,4,0
EMP-10233,Operations,Process Lead,37,Female,4.4,4,0
EMP-10234,Operations,Supply Chain Manager,37,Male,5.1,3,1
EMP-10235,Engineering,Software Engineer,47,Female,2.0,3,1
EMP-10236,Engineering,QA Analyst,31,Male,3.4,3,0
EMP-10237,Engineering,Engineering Manager,30,Male,4.2,4,1
EMP-10238,Engineering,Software Engineer,49,Female,3.2,3,1
EMP-10239,Finance,FP&A Manager,22,Male,6.3,3,1
EMP-10240,Sales,Account Executive,28,Female,10.4,4,1
EMP-10241,Customer Success,Support Specialist,35,Male,7.5,3,1
EMP-10242,Engineering,QA Analyst,25,Female,1.9,3,1
EMP-10243,Marketing,Content Strategist,27,Male,1.5,4,1
EMP-10244,Customer Success,Support Specialist,41,Male,5.6,3,0
EMP-10245,Engineering,QA Analyst,57,Male,3.4,3,1
EMP-10246,Operations,Operations Analyst,57,Male,8.8,3,1
EMP-10247,Finance,Controller,32,Female,1.0,3,0
EMP-10248,Engineering,Data Engineer,32,Male,3.7,3,1
EMP-10249,Finance,FP&A Manager,30,Female,1.6,3,1
EMP-10250,Operations,Supply Chain Manager,43,Male,1.3,1,1
EMP-10251,HR,Recruiter,54,Female,1.8,3,1
EMP-10252,Operations,Supply Chain Manager,60,Female,2.8,4,0
EMP-10253,Engineering,Software Engineer,56,Male,1.0,3,1
EMP-10254,Finance,Controller,49,Female,4.3,4,1
EMP-10255,Operations,Operations Analyst,36,Female,9.9,3,1
EMP-10256,Operations,Process Lead,57,Male,0.7,4,1
EMP-10257,Operations,Process Lead,22,Female,8.1,3,1
EMP-10258,HR,Recruiter,52,Female,3.2,2,1
EMP-10259,Engineering,Data Engineer,42,Male,3.1,1,1
EMP-10260,Marketing,Marketing Analyst,59,Male,3.2,1,1
EMP-10261,Sales,Account Executive,56,Male,1.6,2,1
EMP-10262,Engineering,Software Engineer,52,Female,4.3,3,1
EMP-10263,Operations,Operations Analyst,47,Male,3.1,3,1
EMP-10264,Operations,Operations Analyst,27,Male,5.9,2,1
EMP-10265,Operations,Operations Analyst,34,Female,2.6,1,1
EMP-10266,Sales,Account Executive,47,Female,1.9,4,1
EMP-10267,Operations,Supply Chain Manager,59,Male,5.2,4,1
EMP-10268,Engineering,Engineering Manager,22,Female,1.3,4,1
EMP-10269,Finance,Controller,29,Male,4.6,2,1
EMP-10270,Sales,Sales Operations Analyst,23,Female,1.5,2,0
EMP-10271,Customer Success,CS Manager,24,Male,13.7,3,1
EMP-10272,Engineering,QA Analyst,36,Female,3.7,3,1
EMP-10273,Engineering,QA Analyst,28,Female,2.5,3,1
EMP-10274,Operations,Operations Analyst,39,Male,0.6,2,1
EMP-10275,Operations,Process Lead,47,Male,8.1,3,1
EMP-10276,Marketing,Content Strategist,46,Male,1.8,3,1
EMP-10277,Marketing,Content Strategist,32,Male,4.2,2,1
EMP-10278,Operations,Process Lead,50,Male,3.3,3,0
EMP-10279,Operations,Process Lead,48,Female,0.8,1,1
EMP-10280,Marketing,Campaign Manager,42,Male,5.5,3,1
EMP-10281,Operations,Supply Chain Manager,39,Male,5.7,3,0
EMP-10282,Operations,Operations Analyst,56,Female,2.2,2,0
EMP-10283,Engineering,Data Engineer,41,Male,2.1,4,1
EMP-10284,Sales,Account Executive,26,Male,4.5,2,1
EMP-10285,Operations,Supply Chain Manager,45,Female,7.4,4,0
EMP-10286,Customer Success,Support Specialist,43,Male,3.0,3,0
EMP-10287,Engineering,QA Analyst,23,Female,2.1,4,0
EMP-10288,Engineering,Software Engineer,46,Female,5.9,2,1
EMP-10289,Marketing,Marketing Analyst,54,Female,8.0,3,1
EMP-10290,Engineering,QA Analyst,34,Male,1.9,3,1
EMP-10291,Engineering,QA Analyst,43,Female,2.1,3,1
EMP-10292,Finance,Financial Analyst,56,Male,2.6,4,1
EMP-10293,Engineering,QA Analyst,24,Male,6.6,1,1
EMP-10294,HR,People Operations Analyst,44,Male,7.1,3,0
EMP-10295,Operations,Process Lead,37,Male,1.9,3,1
EMP-10296,Engineering,Data Engineer,25,Male,3.7,4,0
EMP-10297,Engineering,Engineering Manager,24,Male,4.1,3,1
EMP-10298,Engineering,Data Engineer,41,Male,1.6,1,0
EMP-10299,HR,Recruiter,46,Female,2.4,3,1
EMP-10300,Engineering,Engineering Manager,29,Female,9.0,3,1
EMP-10301,Finance,Financial Analyst,32,Male,3.2,4,1
EMP-10302,Engineering,Data Engineer,59,Male,4.4,4,1
EMP-10303,Engineering,Data Engineer,52,Male,2.5,4,1
EMP-10304,Finance,Financial Analyst,59,Female,6.7,3,1
EMP-10305,Engineering,Software Engineer,52,Female,4.6,3,1
EMP-10306,Finance,FP&A Manager,57,Female,3.8,3,0
EMP-10307,Marketing,Marketing Analyst,36,Female,6.2,2,1
EMP-10308,Sales,Sales Manager,34,Female,0.7,3,1
EMP-10309,Finance,Financial Analyst,24,Male,6.3,4,0
EMP-10310,HR,Recruiter,25,Female,1.7,3,1
EMP-10311,Engineering,QA Analyst,49,Male,2.3,1,1
EMP-10312,Finance,Financial Analyst,58,Male,5.0,2,0
EMP-10313,Operations,Supply Chain Manager,33,Female,8.4,3,1
EMP-10314,Operations,Process Lead,56,Female,5.7,3,1
EMP-10315,Marketing,Content Strategist,30,Male,9.1,1,1
EMP-10316,Marketing,Campaign Manager,31,Female,2.3,2,1
EMP-10317,Engineering,QA Analyst,42,Male,4.1,3,1
EMP-10318,Operations,Operations Analyst,23,Male,6.4,4,0
EMP-10319,Marketing,Campaign Manager,23,Male,1.2,2,0
EMP-10320,Sales,Sales Operations Analyst,52,Female,1.3,3,1
EMP-10321,Customer Success,Support Specialist,46,Female,3.7,4,1
EMP-10322,Finance,Controller,60,Female,1.2,3,1
EMP-10323,Marketing,Marketing Analyst,48,Female,2.0,4,1
EMP-10324,Engineering,QA Analyst,45,Male,1.0,3,0
EMP-10325,Engineering,Data Engineer,47,Male,5.4,4,1
EMP-10326,Engineering,QA Analyst,51,Nonbinary,12.0,3,1
EMP-10327,Operations,Process Lead,58,Female,3.5,3,1
EMP-10328,Customer Success,CS Manager,32,Male,0.3,2,0
EMP-10329,Marketing,Content Strategist,41,Male,1.2,3,0
EMP-10330,Sales,Sales Manager,34,Female,2.5,3,1
EMP-10331,HR,People Operations Analyst,28,Female,11.0,1,1
EMP-10332,Marketing,Campaign Manager,47,Male,0.9,4,0
EMP-10333,HR,People Operations Analyst,48,Male,0.9,2,0
EMP-10334,Engineering,Software Engineer,45,Male,4.0,1,1
EMP-10335,Engineering,Software Engineer,59,Female,4.6,4,1
EMP-10336,Engineering,QA Analyst,58,Female,5.4,1,1
EMP-10337,Marketing,Content Strategist,38,Male,1.2,4,1
EMP-10338,Finance,FP&A Manager,49,Male,1.7,3,0
EMP-10339,Engineering,Engineering Manager,22,Female,1.8,3,1
EMP-10340,Engineering,Engineering Manager,22,Male,7.6,3,0
EMP-10341,Finance,Financial Analyst,57,Male,6.5,3,1
EMP-10342,Finance,Financial Analyst,39,Male,5.2,4,0
EMP-10343,Finance,FP&A Manager,50,Female,0.4,2,0
EMP-10344,Sales,Account Executive,60,Male,7.7,4,1
EMP-10345,Marketing,Content Strategist,59,Female,6.4,4,1
EMP-10346,Finance,Controller,53,Female,4.2,2,1
EMP-10347,Finance,Financial Analyst,38,Female,0.9,3,0
EMP-10348,Engineering,QA Analyst,28,Male,1.8,3,0
EMP-10349,Operations,Supply Chain Manager,48,Male,5.1,4,1
EMP-10350,Marketing,Campaign Manager,37,Female,0.3,3,0
EMP-10351,Engineering,Engineering Manager,41,Male,6.0,3,0
EMP-10352,Customer Success,CS Manager,22,Male,3.7,4,1
EMP-10353,Finance,FP&A Manager,28,Male,10.0,4,1
EMP-10354,Operations,Supply Chain Manager,45,Female,1.1,3,1
EMP-10355,Engineering,QA Analyst,32,Female,2.4,1,1
EMP-10356,Finance,FP&A Manager,29,Male,4.5,3,1
EMP-10357,Marketing,Marketing Analyst,58,Male,3.9,4,1
EMP-10358,HR,People Operations Analyst,31,Male,2.9,2,1
EMP-10359,Engineering,Data Engineer,59,Female,2.0,3,1
EMP-10360,Operations,Operations Analyst,54,Male,2.6,4,1
EMP-10361,Finance,FP&A Manager,47,Male,4.4,2,1
EMP-10362,Operations,Operations Analyst,23,Male,1.8,3,1
EMP-10363,Engineering,Software Engineer,26,Female,1.8,3,1
EMP-10364,Sales,Sales Manager,31,Female,3.5,2,1
EMP-10365,Operations,Supply Chain Manager,45,Male,1.1,1,1
EMP-10366,HR,Recruiter,57,Male,0.5,4,1
EMP-10367,Sales,Sales Manager,27,Male,1.3,3,1
EMP-10368,Sales,Account Executive,30,Female,6.8,3,1
EMP-10369,Finance,Controller,47,Female,1.5,2,1
EMP-10370,Customer Success,CS Manager,22,Female,6.9,4,1
EMP-10371,Engineering,QA Analyst,43,Female,3.6,2,1
EMP-10372,Engineering,Engineering Manager,50,Female,2.5,2,1
EMP-10373,Customer Success,CS Manager,59,Male,1.6,2,1
EMP-10374,Operations,Operations Analyst,41,Male,2.6,1,1
EMP-10375,Sales,Sales Operations Analyst,56,Male,3.5,4,1
EMP-10376,Engineering,QA Analyst,53,Male,3.3,1,1
EMP-10377,Customer Success,CS Manager,57,Male,2.4,1,1
EMP-10378,Engineering,Data Engineer,27,Male,4.5,3,1
EMP-10379,Engineering,Software Engineer,55,Female,2.3,1,1
EMP-10380,Finance,Controller,23,Female,3.2,3,0
EMP-10381,Finance,Financial Analyst,56,Female,2.3,1,1
EMP-10382,Customer Success,Implementation Consultant,26,Female,1.7,3,1
EMP-10383,Sales,Sales Manager,50,Nonbinary,2.9,4,0
EMP-10384,Marketing,Content Strategist,25,Female,1.7,4,1
EMP-10385,HR,Recruiter,35,Male,4.1,2,1
EMP-10386,Engineering,Data Engineer,47,Male,7.2,3,1
EMP-10387,Sales,Sales Operations Analyst,44,Female,3.2,1,1
EMP-10388,Sales,Sales Operations Analyst,52,Male,6.6,3,1
EMP-10389,Engineering,Software Engineer,41,Male,4.0,2,0
EMP-10390,HR,Recruiter,36,Female,2.3,4,0
EMP-10391,Finance,Financial Analyst,22,Male,2.6,3,0
EMP-10392,Customer Success,CS Manager,60,Female,2.7,3,1
EMP-10393,Engineering,QA Analyst,27,Male,2.5,3,1
EMP-10394,HR,Recruiter,33,Female,4.8,3,1
EMP-10395,Engineering,Data Engineer,38,Male,2.0,3,0
EMP-10396,Sales,Account Executive,52,Male,2.2,3,1
EMP-10397,Marketing,Campaign Manager,22,Female,2.7,2,0
EMP-10398,Sales,Sales Manager,59,Male,3.5,2,1
EMP-10399,Marketing,Marketing Analyst,55,Female,2.6,2,1
EMP-10400,Marketing,Marketing Analyst,46,Male,4.1,1,1
EMP-10401,Engineering,Engineering Manager,22,Male,1.3,3,1
EMP-10402,Engineering,Software Engineer,49,Female,5.7,3,1
EMP-10403,Customer Success,Support Specialist,45,Female,1.6,4,1
EMP-10404,Engineering,Engineering Manager,35,Female,3.6,3,1
EMP-10405,Finance,Financial Analyst,55,Female,8.2,3,1
EMP-10406,Operations,Process Lead,24,Female,2.1,4,1
EMP-10407,Engineering,Software Engineer,41,Female,0.4,3,1
EMP-10408,Engineering,Data Engineer,27,Male,5.9,3,0
EMP-10409,Engineering,QA Analyst,39,Female,3.2,4,1
EMP-10410,Finance,FP&A Manager,55,Female,2.7,1,0
EMP-10411,Engineering,Data Engineer,50,Male,2.8,4,1
EMP-10412,Marketing,Content Strategist,51,Male,3.9,2,1
EMP-10413,Marketing,Campaign Manager,54,Male,6.5,4,1
EMP-10414,Sales,Sales Operations Analyst,52,Male,2.1,2,1
EMP-10415,Finance,FP&A Manager,39,Nonbinary,0.3,4,0
EMP-10416,Engineering,Software Engineer,57,Male,6.0,3,1
EMP-10417,Marketing,Content Strategist,31,Female,6.8,3,1
EMP-10418,Engineering,Software Engineer,59,Female,0.7,4,1
EMP-10419,Sales,Sales Operations Analyst,49,Male,2.3,4,1
EMP-10420,Operations,Supply Chain Manager,37,Male,5.2,3,1
EMP-10421,HR,HR Business Partner,39,Female,4.0,2,0
EMP-10422,Operations,Supply Chain Manager,31,Male,0.7,3,1
EMP-10423,Customer Success,Support Specialist,58,Male,2.1,2,1
EMP-10424,Sales,Sales Operations Analyst,58,Male,11.7,2,1
EMP-10425,Engineering,Software Engineer,59,Female,3.1,3,1
EMP-10426,Operations,Process Lead,47,Male,3.0,4,1
EMP-10427,Finance,FP&A Manager,43,Male,5.4,3,1
EMP-10428,Engineering,Engineering Manager,43,Male,2.9,3,1
EMP-10429,Customer Success,Implementation Consultant,50,Male,3.7,2,0
EMP-10430,Engineering,Software Engineer,58,Male,5.3,4,1
EMP-10431,Sales,Sales Manager,37,Male,4.1,3,1
EMP-10432,HR,HR Business Partner,39,Female,7.5,2,1
EMP-10433,Sales,Account Executive,35,Female,5.8,1,1
EMP-10434,Marketing,Campaign Manager,34,Female,2.2,3,1
EMP-10435,Engineering,Engineering Manager,36,Male,3.6,3,1
EMP-10436,Engineering,Software Engineer,47,Male,5.0,4,0
EMP-10437,Sales,Account Executive,56,Female,4.4,3,1
EMP-10438,Engineering,Data Engineer,47,Male,1.4,1,1
EMP-10439,Marketing,Marketing Analyst,42,Male,3.0,3,1
EMP-10440,Finance,FP&A Manager,42,Female,1.2,2,0
EMP-10441,Marketing,Marketing Analyst,29,Male,1.7,3,0
EMP-10442,Operations,Supply Chain Manager,29,Male,3.0,4,1
EMP-10443,Engineering,Engineering Manager,34,Male,2.6,2,1
EMP-10444,Engineering,Engineering Manager,30,Female,6.5,3,1
EMP-10445,Finance,Financial Analyst,33,Male,2.0,3,1
EMP-10446,Engineering,Software Engineer,44,Female,5.6,4,1
EMP-10447,Sales,Account Executive,28,Male,3.1,3,1
EMP-10448,Engineering,Data Engineer,37,Female,2.6,3,1
EMP-10449,Sales,Sales Operations Analyst,40,Female,2.9,2,0
EMP-10450,Finance,Financial Analyst,39,Female,1.7,2,1
EMP-10451,Finance,FP&A Manager,40,Female,3.1,3,1
EMP-10452,Engineering,Data Engineer,22,Female,0.9,3,1
EMP-10453,Finance,Controller,45,Female,1.8,3,1
EMP-10454,Engineering,Software Engineer,31,Male,4.0,3,1
EMP-10455,Engineering,Engineering Manager,42,Female,4.1,3,1
EMP-10456,Engineering,QA Analyst,60,Female,1.3,4,1
EMP-10457,Engineering,QA Analyst,50,Male,14.0,2,1
EMP-10458,Finance,Financial Analyst,60,Male,6.1,3,1
EMP-10459,Operations,Supply Chain Manager,45,Female,1.9,3,1
EMP-10460,Engineering,Data Engineer,46,Nonbinary,6.3,4,0
EMP-10461,Operations,Process Lead,43,Male,8.9,4,1
EMP-10462,Engineering,Software Engineer,42,Female,5.8,2,1
EMP-10463,Engineering,QA Analyst,26,Male,0.5,4,0
EMP-10464,Operations,Process Lead,39,Male,1.7,3,1
EMP-10465,Sales,Account Executive,60,Male,2.6,2,1
EMP-10466,Operations,Operations Analyst,28,Female,2.7,2,1
EMP-10467,Engineering,QA Analyst,31,Nonbinary,3.2,3,1
EMP-10468,Engineering,QA Analyst,26,Male,6.9,3,0
EMP-10469,HR,Recruiter,29,Male,2.6,3,1
EMP-10470,Sales,Account Executive,33,Female,2.5,4,1
EMP-10471,Engineering,Software Engineer,43,Female,3.1,3,0
EMP-10472,Sales,Sales Operations Analyst,37,Female,2.8,3,1
EMP-10473,Engineering,QA Analyst,36,Female,1.2,3,1
EMP-10474,Operations,Supply Chain Manager,59,Male,2.6,4,1
EMP-10475,Engineering,Data Engineer,47,Female,3.3,3,0
EMP-10476,Engineering,Engineering Manager,31,Male,4.5,4,0
EMP-10477,Engineering,Software Engineer,33,Female,5.1,4,1
EMP-10478,Finance,FP&A Manager,41,Female,9.1,3,1
EMP-10479,Sales,Sales Operations Analyst,33,Female,0.2,4,1
EMP-10480,Marketing,Campaign Manager,58,Male,1.8,3,0
EMP-10481,HR,HR Business Partner,24,Male,1.9,4,1
EMP-10482,Finance,FP&A Manager,57,Female,3.4,3,1
EMP-10483,Operations,Supply Chain Manager,55,Male,2.2,3,1
EMP-10484,Customer Success,Implementation Consultant,44,Female,2.4,3,1
EMP-10485,Operations,Operations Analyst,55,Male,2.3,2,1
EMP-10486,Operations,Operations Analyst,24,Male,5.0,1,1
EMP-10487,Engineering,Data Engineer,51,Female,1.2,2,1
EMP-10488,Customer Success,Implementation Consultant,27,Male,6.1,2,1
EMP-10489,Marketing,Content Strategist,27,Male,3.8,4,0
EMP-10490,Sales,Sales Manager,32,Male,4.5,4,1
EMP-10491,Customer Success,Implementation Consultant,55,Male,2.2,3,1
EMP-10492,Operations,Operations Analyst,52,Male,1.9,3,0
EMP-10493,Customer Success,CS Manager,22,Female,3.6,2,1
EMP-10494,Engineering,QA Analyst,38,Male,8.0,4,1
EMP-10495,Sales,Account Executive,41,Nonbinary,0.5,1,1
EMP-10496,Marketing,Campaign Manager,46,Male,1.8,3,1
EMP-10497,Operations,Process Lead,30,Female,2.5,2,1
EMP-10498,Finance,FP&A Manager,49,Female,10.6,3,1
EMP-10499,HR,People Operations Analyst,31,Female,0.8,4,1
EMP-10500,Finance,Financial Analyst,37,Male,6.5,3,1
EMP-10501,Marketing,Content Strategist,56,Male,1.3,3,1
EMP-10502,HR,Recruiter,33,Female,3.1,3,1
EMP-10503,Engineering,Data Engineer,52,Female,5.3,2,0
EMP-10504,Finance,FP&A Manager,23,Female,1.1,3,1
EMP-10505,Marketing,Campaign Manager,46,Male,1.7,2,1
EMP-10506,Operations,Process Lead,27,Female,0.7,4,1
EMP-10507,Engineering,Software Engineer,54,Female,0.7,4,1
EMP-10508,Operations,Operations Analyst,52,Female,1.5,3,1
EMP-10509,Engineering,Data Engineer,29,Female,1.8,2,1
EMP-10510,Engineering,QA Analyst,45,Male,11.0,3,0
EMP-10511,Engineering,Software Engineer,58,Male,1.8,4,1
EMP-10512,HR,People Operations Analyst,55,Male,3.3,2,1
EMP-10513,Sales,Account Executive,57,Female,7.0,2,1
EMP-10514,Engineering,Data Engineer,45,Male,4.6,2,1
EMP-10515,Operations,Process Lead,47,Male,2.9,2,1
EMP-10516,Sales,Sales Operations Analyst,50,Female,4.2,4,1
EMP-10517,Engineering,Engineering Manager,23,Female,1.8,3,1
EMP-10518,Sales,Sales Manager,53,Male,2.1,4,1
EMP-10519,Engineering,QA Analyst,47,Male,2.3,4,0
EMP-10520,Engineering,Engineering Manager,43,Female,5.6,3,1
EMP-10521,Operations,Supply Chain Manager,43,Female,1.0,2,1
EMP-10522,Customer Success,CS Manager,51,Female,0.6,3,1
EMP-10523,Engineering,Data Engineer,26,Female,1.4,3,1
EMP-10524,Sales,Account Executive,42,Male,7.1,4,1
EMP-10525,Customer Success,Implementation Consultant,55,Male,3.9,2,1
EMP-10526,Customer Success,CS Manager,57,Female,3.3,3,1
EMP-10527,Sales,Sales Manager,38,Male,2.6,3,1
EMP-10528,Engineering,Software Engineer,44,Female,4.4,4,1
EMP-10529,Operations,Supply Chain Manager,47,Male,2.7,2,0
EMP-10530,Engineering,Data Engineer,27,Female,3.9,1,1
EMP-10531,Sales,Sales Operations Analyst,57,Female,1.2,2,1
EMP-10532,Finance,Financial Analyst,48,Male,3.2,3,1
EMP-10533,Finance,Controller,52,Female,3.8,3,1
EMP-10534,Engineering,Software Engineer,33,Female,2.8,3,1
EMP-10535,Engineering,QA Analyst,32,Male,6.3,2,1
EMP-10536,Finance,Financial Analyst,59,Female,6.7,2,1
EMP-10537,Finance,Controller,33,Male,1.1,2,1
EMP-10538,Sales,Sales Manager,54,Female,4.3,4,1
EMP-10539,Sales,Account Executive,59,Female,2.9,3,1
EMP-10540,Finance,Controller,31,Male,3.5,3,1
EMP-10541,Customer Success,Implementation Consultant,40,Female,1.2,4,1
EMP-10542,Operations,Supply Chain Manager,24,Male,5.2,3,0
EMP-10543,Customer Success,CS Manager,35,Female,0.1,3,1
EMP-10544,Operations,Process Lead,24,Male,7.2,2,0
EMP-10545,Engineering,Data Engineer,58,Female,1.4,4,1
EMP-10546,Engineering,QA Analyst,44,Male,2.3,2,1
EMP-10547,Sales,Sales Manager,28,Female,5.2,3,1
EMP-10548,Engineering,Software Engineer,22,Female,2.3,4,1
EMP-10549,HR,HR Business Partner,39,Female,2.3,3,1
EMP-10550,Operations,Process Lead,26,Male,4.5,3,1
EMP-10551,HR,HR Business Partner,34,Female,1.2,3,0
EMP-10552,Marketing,Marketing Analyst,52,Female,3.9,3,1
EMP-10553,Marketing,Marketing Analyst,53,Male,4.6,4,1
EMP-10554,Engineering,Engineering Manager,60,Male,1.6,3,1
EMP-10555,Sales,Sales Operations Analyst,28,Female,6.5,3,1
EMP-10556,Operations,Operations Analyst,43,Male,4.9,2,1
EMP-10557,Engineering,Data Engineer,36,Female,3.1,3,1
EMP-10558,Engineering,Software Engineer,38,Female,4.5,2,0
EMP-10559,Finance,Financial Analyst,40,Male,6.8,4,1
EMP-10560,HR,People Operations Analyst,41,Male,4.3,1,1
EMP-10561,Engineering,QA Analyst,48,Male,4.9,3,1
EMP-10562,Finance,Controller,43,Female,5.8,4,0
EMP-10563,Engineering,Engineering Manager,40,Female,3.7,3,1
EMP-10564,Operations,Supply Chain Manager,45,Female,0.9,3,1
EMP-10565,Engineering,Data Engineer,37,Male,2.4,3,1
EMP-10566,Engineering,Engineering Manager,51,Male,6.0,2,1
EMP-10567,Engineering,QA Analyst,23,Female,3.0,3,1
EMP-10568,Sales,Account Executive,36,Male,0.9,3,1
EMP-10569,Engineering,Engineering Manager,59,Female,4.8,3,1
EMP-10570,Operations,Supply Chain Manager,58,Male,1.5,2,1
EMP-10571,Engineering,Data Engineer,56,Female,4.6,3,1
EMP-10572,Sales,Account Executive,42,Male,1.7,3,1
EMP-10573,Finance,FP&A Manager,57,Female,4.7,3,1
EMP-10574,Operations,Process Lead,32,Male,1.0,1,1
EMP-10575,Marketing,Campaign Manager,56,Female,1.1,3,0
EMP-10576,HR,People Operations Analyst,44,Female,2.0,3,0
EMP-10577,Engineering,Software Engineer,22,Female,9.4,3,1
EMP-10578,Finance,Controller,50,Female,3.8,2,1
EMP-10579,Operations,Supply Chain Manager,30,Female,5.9,4,1
EMP-10580,Operations,Supply Chain Manager,25,Male,10.4,3,0
EMP-10581,Finance,Controller,48,Nonbinary,1.6,3,1
EMP-10582,Marketing,Marketing Analyst,31,Male,3.4,3,1
EMP-10583,Customer Success,CS Manager,30,Male,14.0,2,1
EMP-10584,Marketing,Marketing Analyst,40,Male,2.1,1,1
EMP-10585,Engineering,Engineering Manager,55,Female,5.0,4,1
EMP-10586,Customer Success,Implementation Consultant,42,Male,7.1,3,1
EMP-10587,Finance,Financial Analyst,57,Female,3.7,2,0
EMP-10588,Engineering,Data Engineer,36,Male,6.6,3,1
EMP-10589,Sales,Account Executive,42,Male,7.3,3,1
EMP-10590,Sales,Sales Operations Analyst,51,Female,4.9,3,1
EMP-10591,Operations,Operations Analyst,55,Male,1.7,1,1
EMP-10592,Finance,FP&A Manager,25,Female,7.7,1,1
EMP-10593,Marketing,Marketing Analyst,42,Female,10.6,4,1
EMP-10594,Customer Success,Support Specialist,39,Male,1.7,4,1
EMP-10595,Engineering,Data Engineer,43,Female,2.4,2,0
EMP-10596,Engineering,Engineering Manager,36,Male,4.9,4,1
EMP-10597,HR,Recruiter,54,Male,4.2,3,1
EMP-10598,Engineering,Software Engineer,34,Male,3.5,3,1
EMP-10599,Sales,Sales Operations Analyst,31,Female,11.6,3,1
EMP-10600,HR,Recruiter,26,Female,5.0,3,1
EMP-10601,Engineering,Data Engineer,46,Male,4.2,4,1
EMP-10602,HR,Recruiter,37,Male,1.9,2,1
EMP-10603,Engineering,QA Analyst,47,Female,4.0,3,0
EMP-10604,Sales,Sales Manager,60,Female,5.2,4,1
EMP-10605,HR,People Operations Analyst,23,Female,2.8,4,1
EMP-10606,HR,HR Business Partner,33,Male,2.4,3,0
EMP-10607,Sales,Sales Manager,41,Male,2.5,4,0
EMP-10608,Sales,Sales Operations Analyst,50,Female,0.7,3,1
EMP-10609,Sales,Sales Manager,25,Female,9.1,3,1
EMP-10610,Engineering,Engineering Manager,26,Female,3.8,2,1
EMP-10611,Engineering,Software Engineer,26,Female,1.4,1,0
EMP-10612,Engineering,Data Engineer,23,Male,3.4,2,1
EMP-10613,Engineering,QA Analyst,41,Female,2.4,3,0
EMP-10614,Customer Success,Implementation Consultant,46,Female,4.8,3,0
EMP-10615,Sales,Account Executive,29,Male,2.9,3,1
EMP-10616,Finance,Financial Analyst,35,Male,3.9,1,1
EMP-10617,Marketing,Marketing Analyst,43,Male,5.0,3,1
EMP-10618,Customer Success,Support Specialist,44,Female,1.5,4,1
EMP-10619,Engineering,Engineering Manager,30,Male,7.3,3,1
EMP-10620,Marketing,Content Strategist,52,Male,2.7,2,1
EMP-10621,Sales,Sales Manager,51,Male,7.9,4,1
EMP-10622,Finance,Controller,34,Female,2.3,2,1
EMP-10623,HR,Recruiter,35,Female,1.1,2,1
EMP-10624,Finance,Controller,52,Male,3.4,2,1
EMP-10625,Engineering,QA Analyst,47,Male,3.1,3,0
EMP-10626,HR,People Operations Analyst,51,Female,1.8,4,1
EMP-10627,Engineering,QA Analyst,22,Female,3.3,1,1
EMP-10628,HR,HR Business Partner,23,Male,0.6,1,1
EMP-10629,Sales,Sales Manager,31,Female,7.1,3,1
EMP-10630,Marketing,Marketing Analyst,26,Female,3.2,4,1
EMP-10631,Operations,Operations Analyst,31,Male,1.4,2,1
EMP-10632,Engineering,Engineering Manager,38,Male,5.4,2,1
EMP-10633,Finance,FP&A Manager,45,Male,4.6,3,0
EMP-10634,Engineering,QA Analyst,58,Female,8.6,1,1
EMP-10635,Engineering,Data Engineer,39,Male,14.0,4,1
EMP-10636,Sales,Sales Manager,60,Male,1.6,2,1
EMP-10637,Operations,Process Lead,46,Female,7.2,2,1
EMP-10638,Marketing,Campaign Manager,50,Female,1.8,2,1
EMP-10639,Finance,FP&A Manager,33,Female,0.3,2,1
EMP-10640,Customer Success,CS Manager,35,Female,1.1,3,0
EMP-10641,Operations,Supply Chain Manager,52,Male,1.6,4,1
EMP-10642,Sales,Sales Manager,28,Male,1.1,3,1
EMP-10643,Operations,Process Lead,32,Female,1.8,4,1
EMP-10644,Customer Success,Support Specialist,32,Female,3.6,2,1
EMP-10645,Operations,Operations Analyst,26,Male,5.9,4,1
EMP-10646,Operations,Operations Analyst,29,Male,3.5,2,1
EMP-10647,Finance,Financial Analyst,44,Male,9.9,4,1
EMP-10648,HR,People Operations Analyst,30,Female,3.2,2,1
EMP-10649,Engineering,Engineering Manager,50,Female,0.5,4,1
EMP-10650,Customer Success,Support Specialist,28,Male,3.6,2,1
EMP-10651,Sales,Sales Manager,28,Female,0.3,2,1
EMP-10652,Engineering,Engineering Manager,49,Female,1.1,2,1
EMP-10653,Engineering,QA Analyst,35,Male,6.2,1,0
EMP-10654,Customer Success,CS Manager,34,Male,4.5,2,0
EMP-10655,Operations,Process Lead,25,Male,4.3,4,1
EMP-10656,Sales,Sales Operations Analyst,50,Female,4.7,3,1
EMP-10657,Engineering,QA Analyst,50,Female,2.6,4,1
EMP-10658,Sales,Sales Operations Analyst,22,Male,4.7,2,1
EMP-10659,Operations,Operations Analyst,26,Male,9.7,3,0
EMP-10660,Marketing,Marketing Analyst,54,Male,5.7,2,1
EMP-10661,Marketing,Marketing Analyst,32,Female,1.9,2,0
EMP-10662,Engineering,Software Engineer,31,Male,8.5,4,1
EMP-10663,Marketing,Content Strategist,50,Female,2.8,3,1
EMP-10664,Operations,Supply Chain Manager,60,Female,1.2,3,0
EMP-10665,Customer Success,CS Manager,30,Male,3.7,4,1
EMP-10666,Operations,Operations Analyst,60,Female,4.2,3,1
EMP-10667,Customer Success,CS Manager,29,Male,3.7,3,0
EMP-10668,Sales,Account Executive,23,Nonbinary,4.6,3,1
EMP-10669,Sales,Sales Operations Analyst,42,Male,3.0,3,1
EMP-10670,Finance,Controller,45,Female,4.7,3,1
EMP-10671,Operations,Supply Chain Manager,60,Female,2.9,1,1
EMP-10672,Marketing,Marketing Analyst,23,Nonbinary,11.2,3,1
EMP-10673,Operations,Operations Analyst,51,Female,2.0,3,1
EMP-10674,Engineering,QA Analyst,40,Male,0.5,2,1
EMP-10675,Marketing,Content Strategist,32,Male,4.3,2,1
EMP-10676,Customer Success,CS Manager,31,Female,2.2,4,0
EMP-10677,Customer Success,CS Manager,37,Female,8.7,2,1
EMP-10678,Engineering,Software Engineer,25,Male,5.7,3,0
EMP-10679,Sales,Sales Operations Analyst,33,Female,7.7,4,1
EMP-10680,Engineering,Software Engineer,53,Male,14.0,2,0
EMP-10681,Engineering,Software Engineer,46,Female,2.7,4,1
EMP-10682,Operations,Process Lead,39,Female,3.9,4,1
EMP-10683,Engineering,Data Engineer,40,Male,0.8,3,1
EMP-10684,HR,HR Business Partner,44,Female,3.1,3,1
EMP-10685,HR,People Operations Analyst,50,Male,0.9,2,1
EMP-10686,Engineering,QA Analyst,32,Male,2.9,2,1
EMP-10687,Finance,FP&A Manager,23,Male,1.3,3,0
EMP-10688,Sales,Sales Manager,36,Female,3.4,2,1
EMP-10689,Sales,Sales Manager,58,Female,4.0,4,1
EMP-10690,Finance,Financial Analyst,32,Female,5.6,2,1
EMP-10691,Finance,FP&A Manager,51,Female,6.5,1,1
EMP-10692,Engineering,Data Engineer,42,Male,4.1,3,1
EMP-10693,Engineering,Engineering Manager,49,Male,3.0,3,1
EMP-10694,Customer Success,Support Specialist,58,Female,0.4,3,1
EMP-10695,Operations,Supply Chain Manager,53,Female,3.6,3,1
EMP-10696,Engineering,Software Engineer,35,Female,4.6,3,0
EMP-10697,Sales,Account Executive,44,Male,5.3,3,1
EMP-10698,Engineering,QA Analyst,36,Female,2.6,3,1
EMP-10699,Engineering,Data Engineer,26,Male,3.6,3,1
EMP-10700,Operations,Supply Chain Manager,37,Female,8.5,4,0
EMP-10701,Operations,Operations Analyst,43,Male,2.0,3,0
EMP-10702,Customer Success,Implementation Consultant,24,Male,2.2,4,1
EMP-10703,Finance,Financial Analyst,38,Male,3.1,1,1
EMP-10704,Marketing,Content Strategist,55,Male,5.0,3,1
EMP-10705,Marketing,Marketing Analyst,40,Female,7.0,4,0
EMP-10706,Engineering,Software Engineer,37,Female,2.2,4,1
EMP-10707,Engineering,Engineering Manager,60,Male,1.7,3,1
EMP-10708,Engineering,Engineering Manager,35,Female,3.6,3,1
EMP-10709,Engineering,Software Engineer,22,Female,9.2,4,1
EMP-10710,Operations,Process Lead,33,Female,2.3,3,1
EMP-10711,Engineering,QA Analyst,27,Female,2.7,1,1
EMP-10712,Customer Success,Support Specialist,50,Male,5.0,3,1
EMP-10713,Engineering,QA Analyst,51,Female,3.1,3,1
EMP-10714,Customer Success,Support Specialist,36,Male,6.9,2,1
EMP-10715,Sales,Sales Manager,28,Female,3.2,3,1
EMP-10716,Operations,Operations Analyst,39,Female,0.8,2,1
EMP-10717,Engineering,Data Engineer,36,Female,5.5,1,1
EMP-10718,Customer Success,Implementation Consultant,25,Female,1.8,4,1
EMP-10719,Sales,Sales Manager,35,Male,2.3,3,1
EMP-10720,Engineering,Software Engineer,46,Male,1.5,3,1
EMP-10721,Engineering,Software Engineer,38,Male,3.3,2,1
EMP-10722,Sales,Sales Operations Analyst,45,Female,3.4,4,1
EMP-10723,HR,People Operations Analyst,38,Male,3.1,3,1
EMP-10724,Finance,FP&A Manager,26,Female,6.0,3,1
EMP-10725,Engineering,Engineering Manager,42,Female,0.8,3,1
EMP-10726,Engineering,QA Analyst,26,Female,3.5,2,1
EMP-10727,HR,People Operations Analyst,25,Male,3.2,2,1
EMP-10728,Finance,Controller,47,Female,1.0,2,1
EMP-10729,Customer Success,Support Specialist,60,Female,4.1,3,1
EMP-10730,Sales,Account Executive,23,Female,6.0,4,1
EMP-10731,HR,People Operations Analyst,26,Female,3.3,1,1
EMP-10732,Marketing,Campaign Manager,50,Male,4.1,3,1
EMP-10733,Engineering,Engineering Manager,29,Male,4.8,4,1
EMP-10734,Marketing,Marketing Analyst,26,Male,9.2,2,1
EMP-10735,Operations,Supply Chain Manager,35,Male,1.8,2,1
EMP-10736,Engineering,Data Engineer,40,Female,1.4,3,1
EMP-10737,Sales,Sales Operations Analyst,34,Male,4.7,1,1
EMP-10738,Operations,Process Lead,34,Male,0.9,2,0
EMP-10739,Sales,Sales Manager,43,Male,6.9,4,1
EMP-10740,Finance,Financial Analyst,39,Female,1.7,2,1
EMP-10741,Marketing,Content Strategist,30,Male,0.9,3,1
EMP-10742,Operations,Process Lead,30,Male,5.4,4,1
EMP-10743,Engineering,Software Engineer,23,Male,3.7,3,1
EMP-10744,Operations,Process Lead,24,Female,4.3,3,1
EMP-10745,Operations,Operations Analyst,50,Male,5.8,3,1
EMP-10746,Customer Success,CS Manager,22,Female,4.7,1,1
EMP-10747,Engineering,Data Engineer,35,Female,1.9,4,1
EMP-10748,Sales,Sales Operations Analyst,60,Female,4.6,4,1
EMP-10749,Marketing,Marketing Analyst,41,Male,7.8,4,1
EMP-10750,Finance,Financial Analyst,57,Male,2.9,3,0
EMP-10751,Marketing,Marketing Analyst,38,Male,2.7,2,1
EMP-10752,Customer Success,Support Specialist,35,Nonbinary,3.6,1,1
EMP-10753,Sales,Sales Operations Analyst,55,Male,2.3,4,1
EMP-10754,Sales,Sales Manager,37,Male,1.3,4,1
EMP-10755,Finance,FP&A Manager,44,Male,1.9,2,1
EMP-10756,Customer Success,Support Specialist,38,Female,0.9,3,1
EMP-10757,Engineering,Software Engineer,31,Female,2.1,3,1
EMP-10758,Operations,Supply Chain Manager,36,Female,2.7,2,1
EMP-10759,Sales,Sales Operations Analyst,43,Male,2.4,4,1
EMP-10760,Marketing,Marketing Analyst,49,Female,1.9,3,1
EMP-10761,Finance,FP&A Manager,22,Female,4.8,2,1
EMP-10762,Marketing,Marketing Analyst,58,Male,3.4,2,1
EMP-10763,Engineering,Software Engineer,26,Male,3.4,2,1
EMP-10764,HR,Recruiter,38,Male,2.9,1,1
EMP-10765,Engineering,Engineering Manager,42,Female,5.0,3,1
EMP-10766,Operations,Process Lead,45,Female,4.8,2,1
EMP-10767,Operations,Operations Analyst,34,Male,0.7,3,0
EMP-10768,Customer Success,Implementation Consultant,51,Female,5.9,4,1
EMP-10769,Sales,Sales Operations Analyst,30,Female,5.1,3,1
EMP-10770,Sales,Sales Operations Analyst,47,Female,3.3,3,1
EMP-10771,Engineering,Engineering Manager,34,Female,1.8,1,1
EMP-10772,Finance,FP&A Manager,36,Male,3.2,2,1
EMP-10773,Customer Success,Implementation Consultant,60,Male,8.0,1,1
EMP-10774,Marketing,Content Strategist,53,Female,6.9,3,1
EMP-10775,Marketing,Content Strategist,32,Male,0.6,4,1
EMP-10776,Operations,Supply Chain Manager,39,Male,2.9,1,1
EMP-10777,HR,HR Business Partner,55,Female,8.2,3,0
EMP-10778,Engineering,Data Engineer,59,Male,1.2,1,1
EMP-10779,HR,HR Business Partner,53,Female,0.8,2,1
EMP-10780,Customer Success,Support Specialist,30,Female,4.7,2,1
EMP-10781,Sales,Account Executive,39,Female,2.1,3,1
EMP-10782,Sales,Sales Operations Analyst,44,Female,2.4,3,0
EMP-10783,Customer Success,Support Specialist,42,Female,2.0,3,1
EMP-10784,Sales,Sales Operations Analyst,57,Male,3.7,4,1
EMP-10785,Operations,Process Lead,52,Female,6.0,2,1
EMP-10786,Engineering,Engineering Manager,56,Female,6.1,4,0
EMP-10787,Engineering,Engineering Manager,25,Female,0.6,1,1
EMP-10788,Customer Success,CS Manager,30,Female,3.0,2,1
EMP-10789,Sales,Sales Operations Analyst,32,Female,5.0,4,1
EMP-10790,Engineering,Data Engineer,29,Male,2.4,2,1
EMP-10791,Engineering,Data Engineer,24,Male,6.0,4,1
EMP-10792,Sales,Sales Manager,29,Female,2.1,2,0
EMP-10793,Operations,Operations Analyst,47,Male,2.3,3,1
EMP-10794,Customer Success,Support Specialist,38,Female,3.6,3,1
EMP-10795,HR,Recruiter,26,Male,1.2,1,0
EMP-10796,HR,People Operations Analyst,22,Male,3.0,3,0
EMP-10797,Operations,Process Lead,30,Female,4.5,2,1
EMP-10798,Customer Success,Support Specialist,37,Female,6.2,3,1
EMP-10799,Engineering,Engineering Manager,23,Female,0.2,4,1
EMP-10800,Sales,Account Executive,37,Male,7.0,2,1
EMP-10801,Marketing,Campaign Manager,31,Female,3.9,1,1
EMP-10802,Engineering,Data Engineer,25,Male,5.3,4,1
EMP-10803,Engineering,Engineering Manager,53,Female,4.9,3,1
EMP-10804,Operations,Operations Analyst,30,Female,3.7,3,1
EMP-10805,Engineering,QA Analyst,36,Male,0.7,2,1
EMP-10806,Engineering,Software Engineer,26,Male,2.7,3,1
EMP-10807,Sales,Sales Operations Analyst,32,Female,1.9,3,1
EMP-10808,Engineering,Engineering Manager,39,Female,0.9,3,1
EMP-10809,Sales,Account Executive,32,Female,7.6,3,1
EMP-10810,Engineering,Engineering Manager,45,Female,1.2,4,1
EMP-10811,Customer Success,Implementation Consultant,37,Female,2.3,4,1
EMP-10812,Engineering,QA Analyst,40,Male,4.9,2,1
EMP-10813,Marketing,Marketing Analyst,29,Male,3.0,3,1
EMP-10814,Engineering,Data Engineer,38,Female,6.9,1,1
EMP-10815,Engineering,Software Engineer,30,Female,3.7,3,1
EMP-10816,Operations,Supply Chain Manager,27,Female,4.4,3,0
EMP-10817,Engineering,Engineering Manager,33,Female,0.8,2,1
EMP-10818,Sales,Sales Operations Analyst,25,Female,3.1,2,1
EMP-10819,Sales,Account Executive,40,Female,3.2,4,1
EMP-10820,Marketing,Marketing Analyst,23,Male,5.1,3,0
EMP-10821,Customer Success,Support Specialist,54,Male,4.4,3,1
EMP-10822,Engineering,QA Analyst,46,Female,2.9,4,0
EMP-10823,Engineering,Software Engineer,33,Female,3.8,2,1
EMP-10824,HR,HR Business Partner,23,Male,3.4,3,1
EMP-10825,Engineering,Data Engineer,59,Female,4.7,2,0
EMP-10826,Engineering,Engineering Manager,33,Female,3.4,1,1
EMP-10827,Operations,Supply Chain Manager,51,Female,3.8,3,1
EMP-10828,Engineering,Data Engineer,31,Nonbinary,1.1,3,1
EMP-10829,Operations,Supply Chain Manager,24,Female,7.0,3,1
EMP-10830,Finance,Controller,59,Female,1.2,3,1
EMP-10831,Operations,Process Lead,50,Female,0.8,2,1
EMP-10832,Customer Success,Support Specialist,42,Male,2.0,4,1
EMP-10833,Engineering,QA Analyst,24,Male,6.8,2,1
EMP-10834,Engineering,QA Analyst,42,Male,2.7,3,0
EMP-10835,Sales,Sales Manager,30,Female,2.3,2,1
EMP-10836,Customer Success,CS Manager,43,Male,5.9,3,1
EMP-10837,Customer Success,Support Specialist,29,Female,0.7,2,1
EMP-10838,Engineering,Engineering Manager,51,Female,2.9,3,1
EMP-10839,Operations,Process Lead,45,Male,3.6,3,1
EMP-10840,Finance,Controller,55,Female,10.8,3,1
EMP-10841,HR,Recruiter,22,Female,2.4,1,1
EMP-10842,Customer Success,Implementation Consultant,42,Male,3.8,3,0
EMP-10843,Engineering,Engineering Manager,51,Female,0.4,3,1
EMP-10844,Operations,Operations Analyst,53,Female,3.0,3,0
EMP-10845,Sales,Account Executive,35,Male,4.5,3,1
EMP-10846,Customer Success,Support Specialist,43,Male,1.8,2,1
EMP-10847,Sales,Sales Manager,27,Female,1.0,3,0
EMP-10848,Sales,Sales Manager,31,Female,3.2,4,1
EMP-10849,Operations,Operations Analyst,51,Female,0.3,4,1
EMP-10850,Engineering,Data Engineer,30,Female,1.6,1,1
EMP-10851,Engineering,Data Engineer,31,Female,2.5,2,1
EMP-10852,Finance,Controller,27,Female,4.0,3,1
EMP-10853,Marketing,Content Strategist,31,Male,5.0,3,1
EMP-10854,Customer Success,CS Manager,45,Female,0.9,3,1
EMP-10855,Operations,Process Lead,51,Male,4.3,1,1
EMP-10856,Operations,Supply Chain Manager,23,Female,6.4,3,1
EMP-10857,Customer Success,CS Manager,58,Female,2.0,2,1
EMP-10858,Finance,Financial Analyst,39,Male,2.3,2,1
EMP-10859,Engineering,Engineering Manager,41,Female,9.6,2,1
EMP-10860,Engineering,Data Engineer,31,Male,2.5,3,0
EMP-10861,Engineering,QA Analyst,35,Female,1.8,1,1
EMP-10862,Operations,Process Lead,49,Male,1.0,2,1
EMP-10863,Sales,Sales Operations Analyst,40,Female,6.2,2,0
EMP-10864,Operations,Operations Analyst,43,Female,2.3,2,1
EMP-10865,Customer Success,CS Manager,26,Male,1.5,2,1
EMP-10866,Sales,Sales Operations Analyst,22,Female,5.5,3,1
EMP-10867,Customer Success,CS Manager,51,Female,4.8,3,1
EMP-10868,Marketing,Content Strategist,26,Male,7.4,4,1
EMP-10869,Customer Success,Support Specialist,42,Female,0.7,3,1
EMP-10870,Operations,Operations Analyst,59,Male,11.2,3,1
EMP-10871,Customer Success,CS Manager,31,Female,2.8,3,1
EMP-10872,HR,Recruiter,43,Male,1.8,3,1
EMP-10873,Engineering,QA Analyst,37,Female,1.6,2,1
EMP-10874,Customer Success,CS Manager,56,Female,4.1,4,1
EMP-10875,Customer Success,Support Specialist,27,Male,2.9,4,1
EMP-10876,HR,People Operations Analyst,44,Female,2.5,2,1
EMP-10877,Engineering,QA Analyst,44,Female,2.7,3,0
EMP-10878,Engineering,Engineering Manager,55,Female,6.0,4,1
EMP-10879,Sales,Account Executive,36,Male,2.5,3,1
EMP-10880,Engineering,Engineering Manager,31,Male,3.6,3,1
EMP-10881,HR,HR Business Partner,56,Female,1.3,4,1
EMP-10882,Engineering,Engineering Manager,23,Male,2.2,3,1
EMP-10883,Engineering,Engineering Manager,36,Nonbinary,3.5,2,0
EMP-10884,Operations,Process Lead,49,Female,1.2,3,1
EMP-10885,Marketing,Content Strategist,46,Male,5.1,4,1
EMP-10886,Operations,Supply Chain Manager,51,Male,1.6,3,1
EMP-10887,Engineering,Data Engineer,42,Male,2.8,2,1
EMP-10888,Operations,Process Lead,40,Female,3.6,4,1
EMP-10889,Engineering,Engineering Manager,31,Female,3.7,4,1
EMP-10890,Engineering,QA Analyst,42,Female,5.7,4,1
EMP-10891,Engineering,QA Analyst,59,Female,5.1,4,1
EMP-10892,Sales,Sales Manager,42,Female,1.3,3,0
EMP-10893,Sales,Sales Manager,28,Male,3.1,3,0
EMP-10894,Engineering,QA Analyst,44,Female,2.3,4,0
EMP-10895,Engineering,QA Analyst,59,Male,2.8,3,1
EMP-10896,Engineering,QA Analyst,25,Female,1.7,3,0
EMP-10897,Sales,Sales Operations Analyst,34,Male,1.9,3,1
EMP-10898,Customer Success,Support Specialist,44,Female,10.1,4,1
EMP-10899,Sales,Sales Operations Analyst,23,Male,1.7,4,0
EMP-10900,Sales,Account Executive,37,Female,6.4,3,1
EMP-10901,Marketing,Content Strategist,31,Male,1.6,2,0
EMP-10902,Sales,Sales Operations Analyst,56,Female,3.7,2,1
EMP-10903,Finance,FP&A Manager,46,Female,4.2,3,0
EMP-10904,Operations,Process Lead,52,Male,5.8,3,1
EMP-10905,HR,People Operations Analyst,42,Female,2.6,2,1
EMP-10906,Customer Success,CS Manager,56,Male,1.8,2,1
EMP-10907,Operations,Supply Chain Manager,46,Male,2.4,3,1
EMP-10908,Engineering,Engineering Manager,24,Female,8.4,4,1
EMP-10909,HR,People Operations Analyst,57,Female,0.5,3,1
EMP-10910,Finance,FP&A Manager,34,Male,1.9,3,1
EMP-10911,Operations,Operations Analyst,54,Female,3.2,3,1
EMP-10912,Sales,Sales Operations Analyst,30,Male,4.7,3,1
EMP-10913,Customer Success,Support Specialist,49,Female,0.2,1,1
EMP-10914,Engineering,QA Analyst,42,Female,5.0,4,1
EMP-10915,Engineering,Software Engineer,39,Female,3.2,3,0
EMP-10916,Finance,Controller,34,Male,8.1,3,1
EMP-10917,Engineering,Engineering Manager,36,Male,5.2,2,1
EMP-10918,Finance,FP&A Manager,35,Female,4.7,4,1
EMP-10919,Engineering,QA Analyst,37,Male,2.2,2,1
EMP-10920,HR,People Operations Analyst,37,Male,2.6,3,1
EMP-10921,Engineering,Engineering Manager,49,Female,3.4,2,1
EMP-10922,Sales,Sales Operations Analyst,51,Male,4.2,3,1
EMP-10923,Marketing,Campaign Manager,28,Female,6.8,3,1
EMP-10924,HR,Recruiter,43,Female,9.5,3,0
EMP-10925,HR,HR Business Partner,48,Nonbinary,2.3,3,0
EMP-10926,Sales,Account Executive,51,Male,2.6,4,1
EMP-10927,Finance,FP&A Manager,48,Male,6.4,4,1
EMP-10928,Engineering,Software Engineer,40,Male,3.9,2,1
EMP-10929,Finance,Controller,57,Female,5.3,3,1
EMP-10930,Engineering,QA Analyst,51,Male,2.2,1,1
EMP-10931,Operations,Process Lead,56,Male,3.4,4,0
EMP-10932,Engineering,Engineering Manager,37,Male,4.5,4,1
EMP-10933,Engineering,Engineering Manager,42,Female,5.1,3,1
EMP-10934,Customer Success,Support Specialist,34,Male,1.0,3,0
EMP-10935,HR,HR Business Partner,52,Female,2.5,3,1
EMP-10936,Customer Success,CS Manager,41,Male,2.7,3,1
EMP-10937,Operations,Process Lead,51,Female,1.6,3,1
EMP-10938,Operations,Operations Analyst,47,Female,2.3,3,0
EMP-10939,Operations,Supply Chain Manager,50,Male,7.3,3,1
EMP-10940,Finance,Controller,49,Nonbinary,2.8,2,1
EMP-10941,HR,Recruiter,47,Male,1.4,4,1
EMP-10942,Operations,Operations Analyst,23,Male,1.5,3,1
EMP-10943,Engineering,Software Engineer,53,Female,0.9,1,1
EMP-10944,Operations,Process Lead,51,Female,2.7,3,1
EMP-10945,Marketing,Campaign Manager,48,Male,3.6,3,1
EMP-10946,Sales,Sales Operations Analyst,44,Female,1.7,2,1
EMP-10947,Operations,Supply Chain Manager,42,Female,6.9,2,1
EMP-10948,Sales,Sales Manager,54,Male,3.8,3,1
EMP-10949,Engineering,QA Analyst,58,Male,1.6,3,0
EMP-10950,Finance,Controller,24,Female,6.4,3,1
EMP-10951,Engineering,Data Engineer,43,Male,4.0,3,1
EMP-10952,HR,People Operations Analyst,38,Female,3.3,2,1
EMP-10953,Operations,Process Lead,44,Female,2.5,3,0
EMP-10954,Engineering,Software Engineer,54,Male,1.5,3,1
EMP-10955,Engineering,QA Analyst,39,Male,4.0,4,1
EMP-10956,Engineering,Engineering Manager,59,Male,8.0,4,0
EMP-10957,HR,Recruiter,35,Female,3.4,3,1
EMP-10958,Finance,Controller,51,Male,1.3,2,1
EMP-10959,Engineering,Data Engineer,53,Male,1.1,3,1
EMP-10960,Finance,FP&A Manager,47,Male,0.8,1,1
EMP-10961,Marketing,Content Strategist,45,Male,1.6,3,1
EMP-10962,Engineering,QA Analyst,57,Male,8.5,1,1
EMP-10963,Operations,Operations Analyst,40,Male,2.0,4,1
EMP-10964,Customer Success,Implementation Consultant,24,Female,9.4,2,1
EMP-10965,Customer Success,Support Specialist,45,Female,5.1,3,1
EMP-10966,Operations,Operations Analyst,28,Female,2.3,3,1
EMP-10967,Engineering,Engineering Manager,57,Nonbinary,5.4,4,1
EMP-10968,Operations,Process Lead,23,Female,6.7,4,1
EMP-10969,Sales,Account Executive,51,Male,0.5,3,1
EMP-10970,HR,Recruiter,38,Female,2.6,2,1
EMP-10971,Engineering,Engineering Manager,59,Female,3.8,3,1
EMP-10972,Engineering,Software Engineer,48,Male,3.3,2,0
EMP-10973,Marketing,Campaign Manager,49,Female,0.3,4,1
EMP-10974,Engineering,Software Engineer,26,Female,6.4,3,1
EMP-10975,Sales,Sales Operations Analyst,47,Male,1.7,4,0
EMP-10976,Engineering,Engineering Manager,45,Female,6.8,2,1
EMP-10977,Engineering,Data Engineer,55,Female,4.0,3,0
EMP-10978,Sales,Account Executive,54,Male,1.0,2,1
EMP-10979,Sales,Sales Operations Analyst,39,Female,12.2,2,1
EMP-10980,Sales,Sales Manager,46,Female,0.8,4,0
EMP-10981,Sales,Sales Operations Analyst,55,Female,4.5,4,1
EMP-10982,Engineering,Engineering Manager,48,Female,1.1,3,1
EMP-10983,Operations,Supply Chain Manager,54,Male,7.2,3,1
EMP-10984,Engineering,QA Analyst,28,Female,1.0,3,0
EMP-10985,Customer Success,CS Manager,60,Nonbinary,3.9,1,0
EMP-10986,Engineering,Data Engineer,44,Female,5.1,3,0
EMP-10987,Engineering,QA Analyst,50,Nonbinary,4.4,3,1
EMP-10988,Customer Success,Support Specialist,51,Female,6.3,3,1
EMP-10989,Engineering,Software Engineer,27,Female,3.9,4,1
EMP-10990,Engineering,QA Analyst,34,Female,2.3,4,1
EMP-10991,Engineering,QA Analyst,27,Male,2.4,1,1
EMP-10992,Engineering,Software Engineer,25,Female,0.3,2,0
EMP-10993,Customer Success,CS Manager,52,Male,8.6,3,1
EMP-10994,Engineering,Engineering Manager,27,Male,1.7,3,1
EMP-10995,HR,Recruiter,40,Male,4.4,3,1
EMP-10996,Operations,Supply Chain Manager,49,Female,4.5,4,1
EMP-10997,Sales,Sales Operations Analyst,48,Male,5.3,1,1
EMP-10998,Customer Success,Implementation Consultant,31,Male,2.6,3,1
EMP-10999,Engineering,Engineering Manager,35,Male,4.3,3,1
EMP-11000,Engineering,Software Engineer,54,Male,1.9,2,1
EMP-11001,Customer Success,CS Manager,26,Female,1.4,2,1
EMP-11002,Operations,Supply Chain Manager,26,Female,4.2,2,1
EMP-11003,Customer Success,Implementation Consultant,32,Female,2.6,3,1
EMP-11004,Operations,Supply Chain Manager,31,Female,4.5,2,1
EMP-11005,Engineering,QA Analyst,24,Female,0.7,3,0
EMP-11006,Marketing,Campaign Manager,44,Male,2.2,4,1
EMP-11007,Finance,Financial Analyst,46,Male,1.8,2,1
EMP-11008,Sales,Account Executive,29,Female,3.9,1,1
EMP-11009,Operations,Supply Chain Manager,44,Male,1.3,3,1
EMP-11010,Finance,Financial Analyst,22,Male,1.8,4,1
EMP-11011,Engineering,Software Engineer,49,Female,4.7,3,1
EMP-11012,Sales,Sales Operations Analyst,56,Female,3.5,4,1
EMP-11013,Engineering,Software Engineer,29,Male,7.7,3,0
EMP-11014,HR,Recruiter,24,Female,7.0,3,1
EMP-11015,Operations,Supply Chain Manager,35,Male,4.6,4,0
EMP-11016,Sales,Sales Operations Analyst,58,Male,2.0,2,0
EMP-11017,Finance,Controller,32,Male,2.4,3,1
EMP-11018,Marketing,Marketing Analyst,26,Female,3.1,3,1
EMP-11019,Engineering,Engineering Manager,30,Female,2.7,4,1
EMP-11020,Customer Success,CS Manager,58,Male,6.8,3,1
EMP-11021,Sales,Sales Manager,30,Male,1.3,1,1
EMP-11022,Finance,Financial Analyst,45,Male,2.3,3,1
EMP-11023,Marketing,Campaign Manager,28,Male,2.6,1,1
EMP-11024,Sales,Sales Operations Analyst,52,Female,1.6,3,0
EMP-11025,Operations,Process Lead,22,Female,2.6,3,0
EMP-11026,Operations,Process Lead,29,Male,0.2,3,1
EMP-11027,Engineering,QA Analyst,38,Female,3.6,3,1
EMP-11028,Operations,Supply Chain Manager,55,Female,2.7,3,1
EMP-11029,Sales,Sales Operations Analyst,36,Female,8.3,3,0
EMP-11030,Engineering,Engineering Manager,34,Nonbinary,6.0,3,0
EMP-11031,Operations,Process Lead,45,Nonbinary,3.4,2,1
EMP-11032,Customer Success,Support Specialist,53,Female,5.5,3,0
EMP-11033,Engineering,Engineering Manager,41,Male,1.8,4,1
EMP-11034,Operations,Process Lead,33,Female,4.1,1,1
EMP-11035,Customer Success,Implementation Consultant,43,Female,2.3,3,1
EMP-11036,Engineering,Engineering Manager,39,Female,3.1,1,1
EMP-11037,Operations,Operations Analyst,22,Female,5.3,2,1
EMP-11038,Engineering,Data Engineer,56,Male,2.5,3,1
EMP-11039,Engineering,Software Engineer,56,Male,4.3,4,1
EMP-11040,Finance,Financial Analyst,26,Female,0.5,2,1
EMP-11041,Sales,Account Executive,26,Female,4.0,2,1
EMP-11042,HR,People Operations Analyst,60,Female,2.3,2,1
EMP-11043,Finance,Controller,58,Male,1.2,2,1
EMP-11044,Sales,Sales Operations Analyst,43,Female,4.1,1,1
EMP-11045,Sales,Sales Manager,38,Female,1.2,3,1
EMP-11046,Sales,Sales Operations Analyst,22,Male,8.2,3,1
EMP-11047,Operations,Operations Analyst,43,Male,2.8,3,1
EMP-11048,Engineering,Data Engineer,57,Male,4.3,3,1
EMP-11049,Engineering,QA Analyst,44,Male,2.5,3,0
EMP-11050,Operations,Process Lead,52,Female,1.2,3,0
EMP-11051,Engineering,Engineering Manager,24,Male,2.2,2,1
EMP-11052,Marketing,Marketing Analyst,54,Female,2.1,3,1
EMP-11053,Marketing,Marketing Analyst,31,Female,3.2,3,1
EMP-11054,Engineering,Data Engineer,56,Male,1.9,4,1
EMP-11055,Engineering,QA Analyst,42,Nonbinary,2.2,4,1
EMP-11056,Sales,Account Executive,33,Female,3.2,4,1
EMP-11057,Operations,Supply Chain Manager,60,Male,1.2,3,1
EMP-11058,Customer Success,Support Specialist,53,Male,5.7,3,1
EMP-11059,Sales,Sales Manager,26,Male,5.4,3,1
EMP-11060,Marketing,Campaign Manager,51,Female,3.1,3,1
EMP-11061,Operations,Operations Analyst,47,Male,1.5,4,1
EMP-11062,Engineering,Software Engineer,53,Male,4.4,4,1
EMP-11063,Operations,Process Lead,32,Male,3.6,2,1
EMP-11064,Finance,Financial Analyst,55,Male,1.4,4,1
EMP-11065,Finance,Financial Analyst,53,Male,3.4,3,0
EMP-11066,Sales,Account Executive,37,Female,2.8,3,1
EMP-11067,Engineering,Software Engineer,29,Male,4.0,2,0
EMP-11068,Operations,Process Lead,60,Male,0.8,3,1
EMP-11069,Marketing,Marketing Analyst,44,Female,2.7,3,0
EMP-11070,Marketing,Marketing Analyst,60,Male,5.8,3,1
EMP-11071,Engineering,Engineering Manager,35,Female,1.7,4,1
EMP-11072,Engineering,Software Engineer,54,Female,2.7,3,1
EMP-11073,HR,HR Business Partner,26,Female,2.1,3,0
EMP-11074,Customer Success,Support Specialist,46,Female,0.3,3,0
EMP-11075,Engineering,QA Analyst,38,Female,2.9,2,1
EMP-11076,Sales,Sales Operations Analyst,33,Male,5.4,2,1
EMP-11077,HR,Recruiter,51,Male,11.4,3,1
EMP-11078,Customer Success,CS Manager,35,Male,1.9,2,0
EMP-11079,Engineering,Data Engineer,35,Female,2.4,3,1
EMP-11080,Operations,Supply Chain Manager,51,Male,2.2,3,1
EMP-11081,Finance,FP&A Manager,46,Male,5.6,3,1
EMP-11082,Sales,Sales Manager,53,Nonbinary,1.8,3,0
EMP-11083,HR,Recruiter,27,Male,6.2,2,0
EMP-11084,Marketing,Marketing Analyst,49,Male,6.4,3,1
EMP-11085,Engineering,Data Engineer,60,Male,4.1,3,1
EMP-11086,Engineering,QA Analyst,22,Male,0.7,1,0
EMP-11087,Engineering,Data Engineer,53,Male,2.7,3,1
EMP-11088,Engineering,QA Analyst,58,Female,3.2,2,1
EMP-11089,HR,Recruiter,45,Female,3.9,2,1
EMP-11090,Engineering,Engineering Manager,29,Female,4.0,2,1
EMP-11091,Customer Success,Implementation Consultant,40,Male,2.7,3,1
EMP-11092,Marketing,Content Strategist,31,Male,3.4,4,1
EMP-11093,Marketing,Marketing Analyst,24,Female,4.5,3,1
EMP-11094,Sales,Sales Operations Analyst,39,Female,2.5,2,1
EMP-11095,Sales,Sales Operations Analyst,52,Male,0.4,3,1
EMP-11096,HR,People Operations Analyst,48,Male,3.3,2,1
EMP-11097,Operations,Supply Chain Manager,32,Male,0.8,1,1
EMP-11098,Finance,FP&A Manager,28,Female,2.6,4,1
EMP-11099,Engineering,Engineering Manager,27,Male,5.2,4,1
EMP-11100,Marketing,Campaign Manager,53,Female,3.2,3,1
EMP-11101,Customer Success,CS Manager,48,Female,3.4,4,1
EMP-11102,Customer Success,CS Manager,35,Male,2.3,3,0
EMP-11103,Engineering,Data Engineer,48,Male,2.1,3,0
EMP-11104,Sales,Account Executive,38,Female,4.6,2,1
EMP-11105,Engineering,QA Analyst,38,Male,3.3,4,0
EMP-11106,Sales,Sales Manager,45,Male,0.3,4,1
EMP-11107,Sales,Sales Operations Analyst,47,Nonbinary,2.1,3,1
EMP-11108,Engineering,Engineering Manager,26,Male,3.9,3,1
EMP-11109,Sales,Sales Operations Analyst,47,Female,5.5,3,1
EMP-11110,Engineering,Software Engineer,37,Male,10.9,3,1
EMP-11111,Engineering,Data Engineer,29,Female,1.8,4,1
EMP-11112,Sales,Account Executive,50,Female,5.1,3,1
EMP-11113,Sales,Sales Operations Analyst,34,Female,4.6,2,0
EMP-11114,Sales,Account Executive,49,Female,4.4,3,1
EMP-11115,Finance,FP&A Manager,42,Male,3.9,3,1
EMP-11116,Engineering,QA Analyst,58,Male,2.3,2,1
EMP-11117,Engineering,QA Analyst,26,Female,2.8,3,1
EMP-11118,HR,HR Business Partner,56,Male,3.8,4,1
EMP-11119,Engineering,QA Analyst,56,Male,3.9,4,1
EMP-11120,Marketing,Marketing Analyst,43,Male,1.5,2,0
EMP-11121,Customer Success,CS Manager,40,Male,3.1,2,0
EMP-11122,Marketing,Marketing Analyst,60,Female,2.3,3,0
EMP-11123,Customer Success,CS Manager,25,Female,4.5,4,0
EMP-11124,Finance,Financial Analyst,53,Female,2.8,3,0
EMP-11125,HR,HR Business Partner,53,Male,6.0,4,1
EMP-11126,Finance,Controller,54,Female,2.2,3,0
EMP-11127,Sales,Account Executive,52,Male,2.7,2,0
EMP-11128,Finance,Controller,42,Male,5.3,3,1
EMP-11129,Sales,Sales Manager,44,Male,3.3,4,1
EMP-11130,Finance,FP&A Manager,43,Female,1.0,2,1
EMP-11131,Sales,Account Executive,51,Male,3.5,4,0
EMP-11132,Sales,Sales Manager,59,Female,6.5,3,1
EMP-11133,Sales,Sales Manager,27,Male,3.2,2,1
EMP-11134,Sales,Sales Operations Analyst,44,Male,2.0,3,1
EMP-11135,Operations,Operations Analyst,52,Female,2.5,3,0
EMP-11136,HR,People Operations Analyst,51,Male,5.9,3,1
EMP-11137,Customer Success,Implementation Consultant,41,Female,10.1,3,1
EMP-11138,Customer Success,Implementation Consultant,33,Male,5.9,4,1
EMP-11139,HR,People Operations Analyst,34,Female,6.3,3,1
EMP-11140,Customer Success,CS Manager,42,Male,3.3,3,1
EMP-11141,Sales,Sales Manager,48,Male,3.0,3,0
EMP-11142,Engineering,Software Engineer,44,Female,2.5,1,1
EMP-11143,Marketing,Content Strategist,42,Male,2.9,3,0
EMP-11144,Sales,Sales Operations Analyst,59,Male,5.6,3,0
EMP-11145,Sales,Sales Operations Analyst,55,Female,0.6,4,0
EMP-11146,Customer Success,Support Specialist,51,Female,2.5,4,1
EMP-11147,Engineering,QA Analyst,48,Male,4.0,2,0
EMP-11148,Customer Success,Support Specialist,30,Male,0.3,4,1
EMP-11149,Marketing,Campaign Manager,47,Female,0.5,3,1
EMP-11150,Operations,Process Lead,30,Female,1.3,4,1
EMP-11151,Operations,Operations Analyst,55,Nonbinary,0.7,3,1
EMP-11152,Engineering,QA Analyst,22,Male,1.1,3,1
EMP-11153,Sales,Sales Manager,50,Male,3.6,4,1
EMP-11154,Operations,Supply Chain Manager,52,Male,1.3,2,1
EMP-11155,Customer Success,Implementation Consultant,32,Female,7.5,2,0
EMP-11156,Marketing,Marketing Analyst,44,Female,1.2,3,1
EMP-11157,Operations,Process Lead,26,Female,1.4,3,1
EMP-11158,Engineering,Data Engineer,45,Male,2.1,3,1
EMP-11159,HR,Recruiter,52,Male,3.7,3,1
EMP-11160,Engineering,QA Analyst,33,Male,1.1,4,1
EMP-11161,Sales,Account Executive,27,Male,5.4,2,1
EMP-11162,Operations,Operations Analyst,24,Female,1.1,3,1
EMP-11163,Sales,Sales Manager,35,Male,2.1,4,0
EMP-11164,Marketing,Content Strategist,58,Male,3.0,3,1
EMP-11165,Customer Success,CS Manager,32,Male,6.5,3,1
EMP-11166,HR,People Operations Analyst,49,Female,4.8,3,1
EMP-11167,Engineering,Software Engineer,41,Male,2.0,4,1
EMP-11168,Engineering,Data Engineer,40,Female,5.1,2,0
EMP-11169,HR,Recruiter,37,Female,1.3,3,1
EMP-11170,Engineering,Engineering Manager,48,Female,1.3,2,1
EMP-11171,Operations,Supply Chain Manager,44,Male,1.4,1,1
EMP-11172,Sales,Account Executive,35,Female,0.9,3,0
EMP-11173,Operations,Supply Chain Manager,27,Male,5.1,3,1
EMP-11174,Sales,Sales Operations Analyst,36,Female,7.2,2,1
EMP-11175,Engineering,Software Engineer,38,Male,1.1,2,1
EMP-11176,Customer Success,Implementation Consultant,59,Female,5.4,3,1
EMP-11177,Marketing,Marketing Analyst,45,Male,0.2,2,1
EMP-11178,Sales,Sales Manager,32,Female,11.3,3,1
EMP-11179,Customer Success,Implementation Consultant,58,Male,2.9,1,1
EMP-11180,Engineering,QA Analyst,42,Male,0.9,1,1
EMP-11181,Marketing,Campaign Manager,30,Female,5.0,3,1
EMP-11182,Engineering,QA Analyst,46,Female,8.8,4,1
EMP-11183,Sales,Sales Manager,43,Female,2.6,2,1
EMP-11184,Engineering,Software Engineer,25,Nonbinary,3.3,3,1
EMP-11185,Sales,Account Executive,32,Nonbinary,3.0,2,0
EMP-11186,Sales,Sales Operations Analyst,37,Female,2.2,3,1
EMP-11187,Engineering,Engineering Manager,56,Female,2.6,3,1
EMP-11188,Customer Success,Implementation Consultant,39,Male,5.9,3,1
EMP-11189,Marketing,Content Strategist,35,Female,4.5,1,1
EMP-11190,Engineering,Software Engineer,60,Female,1.1,4,1
EMP-11191,Engineering,Engineering Manager,23,Male,1.4,1,0
EMP-11192,Customer Success,Support Specialist,28,Male,3.1,4,1
EMP-11193,HR,People Operations Analyst,53,Female,3.5,3,1
EMP-11194,Sales,Sales Operations Analyst,35,Male,1.1,3,1
EMP-11195,Customer Success,Support Specialist,48,Male,1.5,3,1
EMP-11196,Finance,FP&A Manager,38,Male,5.7,3,0
EMP-11197,Engineering,QA Analyst,46,Female,1.9,3,1
EMP-11198,Operations,Operations Analyst,22,Male,2.8,4,1
EMP-11199,Finance,Controller,50,Male,3.0,2,1
